<?xml version="1.0" encoding="UTF-8" standalone="yes"?>
<addon id="repository.tugaio" name="Repositório TugaIO" version="0.0.1" provider-name="RnYPT">
	<extension point="xbmc.addon.repository" name="Repositório TugaIO">
		<dir>
			<info compressed="false">https://raw.githubusercontent.com/noobsandnerds/modules4all/master/zips/addons.xml</info>
			<checksum>https://raw.githubusercontent.com/noobsandnerds/modules4all/master/zips/addons.xml.md5</checksum>
			<datadir zip="true">https://raw.githubusercontent.com/noobsandnerds/modules4all/master/zips/</datadir>
		</dir>
		<info compressed="false">https://raw.githubusercontent.com/tugaIO/repository.tugaio/master/zips/addons.xml</info>
		<checksum>https://raw.githubusercontent.com/tugaIO/repository.tugaio/master/zips/addons.xml.md5</checksum>
		<datadir zip="true">https://raw.githubusercontent.com/tugaIO/repository.tugaio/master/zips/</datadir>
	</extension>
	<extension point="xbmc.addon.metadata">
		<summary lang="en">Repositório TugaIO</summary>
		<description lang="en">Repositório TugaIO</description>
		<genre>movies,tvshows,portuguese</genre>
	</extension>
</addon>