<?xml version="1.0" encoding="UTF-8" standalone="yes"?>
<addon id="plugin.video.tugaiopt" name="TugaIO - Filmes e Séries" version="0.0.1" provider-name="RnYPT">
	<requires>
		<import addon="xbmc.python" version="2.19.0" />
		<import addon="script.module.nanscrapers" version="0.5.5" />
        <import addon="script.module.python.koding.aio" version="0.0.1"/>
	</requires>
	<extension point="xbmc.python.pluginsource" library="default.py">
		<provides>video</provides>
	</extension>
	<extension point="xbmc.addon.metadata">
		<summary lang="en">Filmes e series no Kodi.</summary>
		<description lang="en">Como desenvolvedor do addon, nada tenho a haver com site. O site pode ser acedido por um browser. Limito-me a ler o seu conteúdo disponibilizado e converter em addon.</description>
		<platform>all</platform>
		<forum></forum>
		<website>www.tuga.io</website>
		<news></news>
		<genre>movies,tvshows,portuguese</genre>
		<video_guide></video_guide>
		<video_preview></video_preview>
	</extension>
</addon>
